[
  {
    "title": "Qi10 Driver",
    "brand": "TaylorMade",
    "category": "Driver",
    "retailer": "Worldwide Golf Shops",
    "url": "https://worldwidegolfshops.com/products/qi10-driver",
    "image": "",
    "currency": "USD",
    "price": 546.79,
    "oldPrice": 581.14,
    "inStock": true,
    "updatedAt": "2025-08-20T00:03:45Z"
  },
  {
    "title": "Qi10 Driver",
    "brand": "TaylorMade",
    "category": "Driver",
    "retailer": "Clubhouse Golf",
    "url": "https://clubhousegolf.co.uk/products/qi10-driver",
    "image": "",
    "currency": "USD",
    "price": 502.71,
    "oldPrice": 615.71,
    "inStock": true,
    "updatedAt": "2025-08-17T08:03:45Z"
  },
  {
    "title": "Qi10 Driver",
    "brand": "TaylorMade",
    "category": "Driver",
    "retailer": "Scottsdale Golf",
    "url": "https://scottsdalegolf.co.uk/products/qi10-driver",
    "image": "",
    "currency": "USD",
    "price": 562.59,
    "oldPrice": 632.46,
    "inStock": true,
    "updatedAt": "2025-08-17T13:03:45Z"
  },
  {
    "title": "Qi10 Driver",
    "brand": "TaylorMade",
    "category": "Driver",
    "retailer": "eBay",
    "url": "https://ebay.com/products/qi10-driver",
    "image": "",
    "currency": "USD",
    "price": 504.78,
    "oldPrice": 576.22,
    "inStock": true,
    "updatedAt": "2025-08-27T08:03:45Z"
  },
  {
    "title": "Qi10 Driver",
    "brand": "TaylorMade",
    "category": "Driver",
    "retailer": "Fairway Jockey",
    "url": "https://fairwayjockey.com/products/qi10-driver",
    "image": "",
    "currency": "USD",
    "price": 509.1,
    "oldPrice": 522.8,
    "inStock": true,
    "updatedAt": "2025-08-19T23:03:45Z"
  },
  {
    "title": "Qi10 Driver",
    "brand": "TaylorMade",
    "category": "Driver",
    "retailer": "GolfDiscount",
    "url": "https://golfdiscount.com/products/qi10-driver",
    "image": "",
    "currency": "USD",
    "price": 542.14,
    "oldPrice": null,
    "inStock": true,
    "updatedAt": "2025-08-19T02:03:45Z"
  },
  {
    "title": "Qi10 Driver",
    "brand": "TaylorMade",
    "category": "Driver",
    "retailer": "2nd Swing",
    "url": "https://2ndswing.com/products/qi10-driver",
    "image": "",
    "currency": "USD",
    "price": 568.51,
    "oldPrice": 666.5,
    "inStock": true,
    "updatedAt": "2025-08-19T13:03:45Z"
  },
  {
    "title": "Qi10 Driver",
    "brand": "TaylorMade",
    "category": "Driver",
    "retailer": "Rock Bottom Golf",
    "url": "https://rockbottomgolf.com/products/qi10-driver",
    "image": "",
    "currency": "USD",
    "price": 520.71,
    "oldPrice": null,
    "inStock": true,
    "updatedAt": "2025-08-25T11:03:45Z"
  },
  {
    "title": "Qi10 Driver",
    "brand": "TaylorMade",
    "category": "Driver",
    "retailer": "Carl's Golfland",
    "url": "https://carlsgolfland.com/products/qi10-driver",
    "image": "",
    "currency": "USD",
    "price": 517.52,
    "oldPrice": 588.92,
    "inStock": true,
    "updatedAt": "2025-08-27T07:03:45Z"
  },
  {
    "title": "Qi10 Driver",
    "brand": "TaylorMade",
    "category": "Driver",
    "retailer": "PGA Tour Superstore",
    "url": "https://pgatoursuperstore.com/products/qi10-driver",
    "image": "",
    "currency": "USD",
    "price": 558.32,
    "oldPrice": 583.33,
    "inStock": true,
    "updatedAt": "2025-08-22T21:03:45Z"
  },
  {
    "title": "Paradym Ai Smoke Driver",
    "brand": "Callaway",
    "category": "Driver",
    "retailer": "GlobalGolf",
    "url": "https://globalgolf.com/products/paradym-ai-smoke-driver",
    "image": "",
    "currency": "USD",
    "price": 536.45,
    "oldPrice": 624.84,
    "inStock": true,
    "updatedAt": "2025-08-17T01:03:45Z"
  },
  {
    "title": "Paradym Ai Smoke Driver",
    "brand": "Callaway",
    "category": "Driver",
    "retailer": "Amazon",
    "url": "https://amazon.com/products/paradym-ai-smoke-driver",
    "image": "",
    "currency": "USD",
    "price": 528.46,
    "oldPrice": 540.87,
    "inStock": true,
    "updatedAt": "2025-08-21T06:03:45Z"
  },
  {
    "title": "Paradym Ai Smoke Driver",
    "brand": "Callaway",
    "category": "Driver",
    "retailer": "Golfbidder",
    "url": "https://golfbidder.co.uk/products/paradym-ai-smoke-driver",
    "image": "",
    "currency": "USD",
    "price": 501.76,
    "oldPrice": 513.06,
    "inStock": true,
    "updatedAt": "2025-08-19T18:03:45Z"
  },
  {
    "title": "Paradym Ai Smoke Driver",
    "brand": "Callaway",
    "category": "Driver",
    "retailer": "Clubhouse Golf",
    "url": "https://clubhousegolf.co.uk/products/paradym-ai-smoke-driver",
    "image": "",
    "currency": "USD",
    "price": 507.44,
    "oldPrice": 569.81,
    "inStock": true,
    "updatedAt": "2025-08-23T10:03:45Z"
  },
  {
    "title": "Paradym Ai Smoke Driver",
    "brand": "Callaway",
    "category": "Driver",
    "retailer": "2nd Swing",
    "url": "https://2ndswing.com/products/paradym-ai-smoke-driver",
    "image": "",
    "currency": "USD",
    "price": 585.57,
    "oldPrice": 648.97,
    "inStock": true,
    "updatedAt": "2025-08-20T20:03:45Z"
  },
  {
    "title": "Paradym Ai Smoke Driver",
    "brand": "Callaway",
    "category": "Driver",
    "retailer": "GolfDiscount",
    "url": "https://golfdiscount.com/products/paradym-ai-smoke-driver",
    "image": "",
    "currency": "USD",
    "price": 614.68,
    "oldPrice": 749.17,
    "inStock": true,
    "updatedAt": "2025-08-18T00:03:45Z"
  },
  {
    "title": "Paradym Ai Smoke Driver",
    "brand": "Callaway",
    "category": "Driver",
    "retailer": "Fairway Jockey",
    "url": "https://fairwayjockey.com/products/paradym-ai-smoke-driver",
    "image": "",
    "currency": "USD",
    "price": 615.71,
    "oldPrice": 654.55,
    "inStock": true,
    "updatedAt": "2025-08-17T13:03:45Z"
  },
  {
    "title": "Paradym Ai Smoke Driver",
    "brand": "Callaway",
    "category": "Driver",
    "retailer": "Worldwide Golf Shops",
    "url": "https://worldwidegolfshops.com/products/paradym-ai-smoke-driver",
    "image": "",
    "currency": "USD",
    "price": 560.15,
    "oldPrice": 590.21,
    "inStock": true,
    "updatedAt": "2025-08-20T01:03:45Z"
  },
  {
    "title": "Paradym Ai Smoke Driver",
    "brand": "Callaway",
    "category": "Driver",
    "retailer": "American Golf",
    "url": "https://americangolf.co.uk/products/paradym-ai-smoke-driver",
    "image": "",
    "currency": "USD",
    "price": 485.26,
    "oldPrice": 587.63,
    "inStock": true,
    "updatedAt": "2025-08-21T07:03:45Z"
  },
  {
    "title": "Paradym Ai Smoke Driver",
    "brand": "Callaway",
    "category": "Driver",
    "retailer": "Golf Galaxy",
    "url": "https://golfgalaxy.com/products/paradym-ai-smoke-driver",
    "image": "",
    "currency": "USD",
    "price": 493.8,
    "oldPrice": 575.98,
    "inStock": true,
    "updatedAt": "2025-08-26T14:03:45Z"
  },
  {
    "title": "G430 Max Driver",
    "brand": "Ping",
    "category": "Driver",
    "retailer": "Golf Galaxy",
    "url": "https://golfgalaxy.com/products/g430-max-driver",
    "image": "",
    "currency": "USD",
    "price": 508.12,
    "oldPrice": 624.45,
    "inStock": true,
    "updatedAt": "2025-08-18T02:03:45Z"
  },
  {
    "title": "G430 Max Driver",
    "brand": "Ping",
    "category": "Driver",
    "retailer": "eBay",
    "url": "https://ebay.com/products/g430-max-driver",
    "image": "",
    "currency": "USD",
    "price": 579.74,
    "oldPrice": 675.2,
    "inStock": true,
    "updatedAt": "2025-08-19T03:03:45Z"
  },
  {
    "title": "G430 Max Driver",
    "brand": "Ping",
    "category": "Driver",
    "retailer": "American Golf",
    "url": "https://americangolf.co.uk/products/g430-max-driver",
    "image": "",
    "currency": "USD",
    "price": 574.67,
    "oldPrice": 649.94,
    "inStock": true,
    "updatedAt": "2025-08-25T20:03:45Z"
  },
  {
    "title": "G430 Max Driver",
    "brand": "Ping",
    "category": "Driver",
    "retailer": "Worldwide Golf Shops",
    "url": "https://worldwidegolfshops.com/products/g430-max-driver",
    "image": "",
    "currency": "USD",
    "price": 490.25,
    "oldPrice": 557.83,
    "inStock": true,
    "updatedAt": "2025-08-23T02:03:45Z"
  },
  {
    "title": "G430 Max Driver",
    "brand": "Ping",
    "category": "Driver",
    "retailer": "Rock Bottom Golf",
    "url": "https://rockbottomgolf.com/products/g430-max-driver",
    "image": "",
    "currency": "USD",
    "price": 581.65,
    "oldPrice": 649.58,
    "inStock": true,
    "updatedAt": "2025-08-17T18:03:45Z"
  },
  {
    "title": "G430 Max Driver",
    "brand": "Ping",
    "category": "Driver",
    "retailer": "GolfDiscount",
    "url": "https://golfdiscount.com/products/g430-max-driver",
    "image": "",
    "currency": "USD",
    "price": 522.72,
    "oldPrice": 619.78,
    "inStock": true,
    "updatedAt": "2025-08-26T05:03:45Z"
  },
  {
    "title": "G430 Max Driver",
    "brand": "Ping",
    "category": "Driver",
    "retailer": "Fairway Jockey",
    "url": "https://fairwayjockey.com/products/g430-max-driver",
    "image": "",
    "currency": "USD",
    "price": 514.14,
    "oldPrice": 625.22,
    "inStock": true,
    "updatedAt": "2025-08-18T07:03:45Z"
  },
  {
    "title": "G430 Max Driver",
    "brand": "Ping",
    "category": "Driver",
    "retailer": "Golfbidder",
    "url": "https://golfbidder.co.uk/products/g430-max-driver",
    "image": "",
    "currency": "USD",
    "price": 520.98,
    "oldPrice": null,
    "inStock": true,
    "updatedAt": "2025-08-23T10:03:45Z"
  },
  {
    "title": "G430 Max Driver",
    "brand": "Ping",
    "category": "Driver",
    "retailer": "Carl's Golfland",
    "url": "https://carlsgolfland.com/products/g430-max-driver",
    "image": "",
    "currency": "USD",
    "price": 486.18,
    "oldPrice": 545.74,
    "inStock": true,
    "updatedAt": "2025-08-27T08:03:45Z"
  },
  {
    "title": "G430 Max Driver",
    "brand": "Ping",
    "category": "Driver",
    "retailer": "2nd Swing",
    "url": "https://2ndswing.com/products/g430-max-driver",
    "image": "",
    "currency": "USD",
    "price": 507.26,
    "oldPrice": 584.16,
    "inStock": true,
    "updatedAt": "2025-08-25T07:03:45Z"
  },
  {
    "title": "TSR2 Driver",
    "brand": "Titleist",
    "category": "Driver",
    "retailer": "Golf Galaxy",
    "url": "https://golfgalaxy.com/products/tsr2-driver",
    "image": "",
    "currency": "USD",
    "price": 604.14,
    "oldPrice": 750.0,
    "inStock": true,
    "updatedAt": "2025-08-26T14:03:45Z"
  },
  {
    "title": "TSR2 Driver",
    "brand": "Titleist",
    "category": "Driver",
    "retailer": "Rock Bottom Golf",
    "url": "https://rockbottomgolf.com/products/tsr2-driver",
    "image": "",
    "currency": "USD",
    "price": 567.97,
    "oldPrice": 674.76,
    "inStock": true,
    "updatedAt": "2025-08-22T05:03:45Z"
  },
  {
    "title": "TSR2 Driver",
    "brand": "Titleist",
    "category": "Driver",
    "retailer": "Worldwide Golf Shops",
    "url": "https://worldwidegolfshops.com/products/tsr2-driver",
    "image": "",
    "currency": "USD",
    "price": 615.9,
    "oldPrice": 705.58,
    "inStock": true,
    "updatedAt": "2025-08-26T10:03:45Z"
  },
  {
    "title": "TSR2 Driver",
    "brand": "Titleist",
    "category": "Driver",
    "retailer": "eBay",
    "url": "https://ebay.com/products/tsr2-driver",
    "image": "",
    "currency": "USD",
    "price": 581.29,
    "oldPrice": 721.72,
    "inStock": true,
    "updatedAt": "2025-08-21T22:03:45Z"
  },
  {
    "title": "TSR2 Driver",
    "brand": "Titleist",
    "category": "Driver",
    "retailer": "Golfbidder",
    "url": "https://golfbidder.co.uk/products/tsr2-driver",
    "image": "",
    "currency": "USD",
    "price": 495.2,
    "oldPrice": 513.95,
    "inStock": true,
    "updatedAt": "2025-08-21T09:03:45Z"
  },
  {
    "title": "TSR2 Driver",
    "brand": "Titleist",
    "category": "Driver",
    "retailer": "Scottsdale Golf",
    "url": "https://scottsdalegolf.co.uk/products/tsr2-driver",
    "image": "",
    "currency": "USD",
    "price": 597.97,
    "oldPrice": 695.88,
    "inStock": true,
    "updatedAt": "2025-08-20T21:03:45Z"
  },
  {
    "title": "TSR2 Driver",
    "brand": "Titleist",
    "category": "Driver",
    "retailer": "Clubhouse Golf",
    "url": "https://clubhousegolf.co.uk/products/tsr2-driver",
    "image": "",
    "currency": "USD",
    "price": 560.9,
    "oldPrice": 582.46,
    "inStock": true,
    "updatedAt": "2025-08-17T06:03:45Z"
  },
  {
    "title": "TSR2 Driver",
    "brand": "Titleist",
    "category": "Driver",
    "retailer": "Amazon",
    "url": "https://amazon.com/products/tsr2-driver",
    "image": "",
    "currency": "USD",
    "price": 615.11,
    "oldPrice": null,
    "inStock": true,
    "updatedAt": "2025-08-21T21:03:45Z"
  },
  {
    "title": "TSR2 Driver",
    "brand": "Titleist",
    "category": "Driver",
    "retailer": "GolfDiscount",
    "url": "https://golfdiscount.com/products/tsr2-driver",
    "image": "",
    "currency": "USD",
    "price": 607.31,
    "oldPrice": 683.4,
    "inStock": true,
    "updatedAt": "2025-08-19T16:03:45Z"
  },
  {
    "title": "TSR2 Driver",
    "brand": "Titleist",
    "category": "Driver",
    "retailer": "2nd Swing",
    "url": "https://2ndswing.com/products/tsr2-driver",
    "image": "",
    "currency": "USD",
    "price": 495.05,
    "oldPrice": 508.34,
    "inStock": true,
    "updatedAt": "2025-08-18T07:03:45Z"
  },
  {
    "title": "DARKSPEED Driver",
    "brand": "Cobra",
    "category": "Driver",
    "retailer": "Worldwide Golf Shops",
    "url": "https://worldwidegolfshops.com/products/darkspeed-driver",
    "image": "",
    "currency": "USD",
    "price": 523.73,
    "oldPrice": 558.61,
    "inStock": true,
    "updatedAt": "2025-08-24T23:03:45Z"
  },
  {
    "title": "DARKSPEED Driver",
    "brand": "Cobra",
    "category": "Driver",
    "retailer": "Amazon",
    "url": "https://amazon.com/products/darkspeed-driver",
    "image": "",
    "currency": "USD",
    "price": 571.11,
    "oldPrice": 699.67,
    "inStock": true,
    "updatedAt": "2025-08-21T21:03:45Z"
  },
  {
    "title": "DARKSPEED Driver",
    "brand": "Cobra",
    "category": "Driver",
    "retailer": "2nd Swing",
    "url": "https://2ndswing.com/products/darkspeed-driver",
    "image": "",
    "currency": "USD",
    "price": 571.89,
    "oldPrice": 640.01,
    "inStock": true,
    "updatedAt": "2025-08-24T03:03:45Z"
  },
  {
    "title": "DARKSPEED Driver",
    "brand": "Cobra",
    "category": "Driver",
    "retailer": "Fairway Jockey",
    "url": "https://fairwayjockey.com/products/darkspeed-driver",
    "image": "",
    "currency": "USD",
    "price": 534.73,
    "oldPrice": 584.35,
    "inStock": true,
    "updatedAt": "2025-08-25T05:03:45Z"
  },
  {
    "title": "DARKSPEED Driver",
    "brand": "Cobra",
    "category": "Driver",
    "retailer": "GlobalGolf",
    "url": "https://globalgolf.com/products/darkspeed-driver",
    "image": "",
    "currency": "USD",
    "price": 549.52,
    "oldPrice": null,
    "inStock": true,
    "updatedAt": "2025-08-26T11:03:45Z"
  },
  {
    "title": "DARKSPEED Driver",
    "brand": "Cobra",
    "category": "Driver",
    "retailer": "eBay",
    "url": "https://ebay.com/products/darkspeed-driver",
    "image": "",
    "currency": "USD",
    "price": 492.46,
    "oldPrice": null,
    "inStock": true,
    "updatedAt": "2025-08-25T06:03:45Z"
  },
  {
    "title": "DARKSPEED Driver",
    "brand": "Cobra",
    "category": "Driver",
    "retailer": "American Golf",
    "url": "https://americangolf.co.uk/products/darkspeed-driver",
    "image": "",
    "currency": "USD",
    "price": 543.48,
    "oldPrice": 581.11,
    "inStock": true,
    "updatedAt": "2025-08-20T21:03:45Z"
  },
  {
    "title": "DARKSPEED Driver",
    "brand": "Cobra",
    "category": "Driver",
    "retailer": "PGA Tour Superstore",
    "url": "https://pgatoursuperstore.com/products/darkspeed-driver",
    "image": "",
    "currency": "USD",
    "price": 566.59,
    "oldPrice": 619.02,
    "inStock": true,
    "updatedAt": "2025-08-17T19:03:45Z"
  },
  {
    "title": "DARKSPEED Driver",
    "brand": "Cobra",
    "category": "Driver",
    "retailer": "Clubhouse Golf",
    "url": "https://clubhousegolf.co.uk/products/darkspeed-driver",
    "image": "",
    "currency": "USD",
    "price": 526.28,
    "oldPrice": null,
    "inStock": true,
    "updatedAt": "2025-08-22T14:03:45Z"
  },
  {
    "title": "DARKSPEED Driver",
    "brand": "Cobra",
    "category": "Driver",
    "retailer": "Rock Bottom Golf",
    "url": "https://rockbottomgolf.com/products/darkspeed-driver",
    "image": "",
    "currency": "USD",
    "price": 489.47,
    "oldPrice": 563.49,
    "inStock": true,
    "updatedAt": "2025-08-22T13:03:45Z"
  },
  {
    "title": "JPX923 Hot Metal Irons (7pc)",
    "brand": "Mizuno",
    "category": "Irons",
    "retailer": "GolfDiscount",
    "url": "https://golfdiscount.com/products/jpx923-hot-metal-irons-(7pc)",
    "image": "",
    "currency": "USD",
    "price": 1029.74,
    "oldPrice": 1061.45,
    "inStock": true,
    "updatedAt": "2025-08-17T06:03:45Z"
  },
  {
    "title": "JPX923 Hot Metal Irons (7pc)",
    "brand": "Mizuno",
    "category": "Irons",
    "retailer": "American Golf",
    "url": "https://americangolf.co.uk/products/jpx923-hot-metal-irons-(7pc)",
    "image": "",
    "currency": "USD",
    "price": 1084.88,
    "oldPrice": 1270.03,
    "inStock": true,
    "updatedAt": "2025-08-22T07:03:45Z"
  },
  {
    "title": "JPX923 Hot Metal Irons (7pc)",
    "brand": "Mizuno",
    "category": "Irons",
    "retailer": "Amazon",
    "url": "https://amazon.com/products/jpx923-hot-metal-irons-(7pc)",
    "image": "",
    "currency": "USD",
    "price": 1147.66,
    "oldPrice": 1296.03,
    "inStock": true,
    "updatedAt": "2025-08-24T11:03:45Z"
  },
  {
    "title": "JPX923 Hot Metal Irons (7pc)",
    "brand": "Mizuno",
    "category": "Irons",
    "retailer": "Golfbidder",
    "url": "https://golfbidder.co.uk/products/jpx923-hot-metal-irons-(7pc)",
    "image": "",
    "currency": "USD",
    "price": 969.96,
    "oldPrice": 1148.68,
    "inStock": true,
    "updatedAt": "2025-08-25T02:03:45Z"
  },
  {
    "title": "JPX923 Hot Metal Irons (7pc)",
    "brand": "Mizuno",
    "category": "Irons",
    "retailer": "Rock Bottom Golf",
    "url": "https://rockbottomgolf.com/products/jpx923-hot-metal-irons-(7pc)",
    "image": "",
    "currency": "USD",
    "price": 1038.96,
    "oldPrice": 1226.37,
    "inStock": true,
    "updatedAt": "2025-08-18T17:03:45Z"
  },
  {
    "title": "JPX923 Hot Metal Irons (7pc)",
    "brand": "Mizuno",
    "category": "Irons",
    "retailer": "Carl's Golfland",
    "url": "https://carlsgolfland.com/products/jpx923-hot-metal-irons-(7pc)",
    "image": "",
    "currency": "USD",
    "price": 1129.19,
    "oldPrice": 1253.98,
    "inStock": true,
    "updatedAt": "2025-08-24T07:03:45Z"
  },
  {
    "title": "JPX923 Hot Metal Irons (7pc)",
    "brand": "Mizuno",
    "category": "Irons",
    "retailer": "Worldwide Golf Shops",
    "url": "https://worldwidegolfshops.com/products/jpx923-hot-metal-irons-(7pc)",
    "image": "",
    "currency": "USD",
    "price": 1075.39,
    "oldPrice": null,
    "inStock": true,
    "updatedAt": "2025-08-21T05:03:45Z"
  },
  {
    "title": "JPX923 Hot Metal Irons (7pc)",
    "brand": "Mizuno",
    "category": "Irons",
    "retailer": "2nd Swing",
    "url": "https://2ndswing.com/products/jpx923-hot-metal-irons-(7pc)",
    "image": "",
    "currency": "USD",
    "price": 1085.94,
    "oldPrice": 1329.28,
    "inStock": true,
    "updatedAt": "2025-08-26T21:03:45Z"
  },
  {
    "title": "JPX923 Hot Metal Irons (7pc)",
    "brand": "Mizuno",
    "category": "Irons",
    "retailer": "eBay",
    "url": "https://ebay.com/products/jpx923-hot-metal-irons-(7pc)",
    "image": "",
    "currency": "USD",
    "price": 1112.19,
    "oldPrice": 1263.01,
    "inStock": true,
    "updatedAt": "2025-08-21T19:03:45Z"
  },
  {
    "title": "JPX923 Hot Metal Irons (7pc)",
    "brand": "Mizuno",
    "category": "Irons",
    "retailer": "Fairway Jockey",
    "url": "https://fairwayjockey.com/products/jpx923-hot-metal-irons-(7pc)",
    "image": "",
    "currency": "USD",
    "price": 1053.23,
    "oldPrice": null,
    "inStock": true,
    "updatedAt": "2025-08-25T10:03:45Z"
  },
  {
    "title": "ZX5 Mk II Irons (7pc)",
    "brand": "Srixon",
    "category": "Irons",
    "retailer": "Clubhouse Golf",
    "url": "https://clubhousegolf.co.uk/products/zx5-mk-ii-irons-(7pc)",
    "image": "",
    "currency": "USD",
    "price": 1108.75,
    "oldPrice": 1212.63,
    "inStock": true,
    "updatedAt": "2025-08-26T22:03:45Z"
  },
  {
    "title": "ZX5 Mk II Irons (7pc)",
    "brand": "Srixon",
    "category": "Irons",
    "retailer": "eBay",
    "url": "https://ebay.com/products/zx5-mk-ii-irons-(7pc)",
    "image": "",
    "currency": "USD",
    "price": 1100.24,
    "oldPrice": 1208.8,
    "inStock": true,
    "updatedAt": "2025-08-21T01:03:45Z"
  },
  {
    "title": "ZX5 Mk II Irons (7pc)",
    "brand": "Srixon",
    "category": "Irons",
    "retailer": "GolfDiscount",
    "url": "https://golfdiscount.com/products/zx5-mk-ii-irons-(7pc)",
    "image": "",
    "currency": "USD",
    "price": 1095.69,
    "oldPrice": 1321.51,
    "inStock": true,
    "updatedAt": "2025-08-25T20:03:45Z"
  },
  {
    "title": "ZX5 Mk II Irons (7pc)",
    "brand": "Srixon",
    "category": "Irons",
    "retailer": "Golfbidder",
    "url": "https://golfbidder.co.uk/products/zx5-mk-ii-irons-(7pc)",
    "image": "",
    "currency": "USD",
    "price": 1178.09,
    "oldPrice": 1292.42,
    "inStock": true,
    "updatedAt": "2025-08-24T18:03:45Z"
  },
  {
    "title": "ZX5 Mk II Irons (7pc)",
    "brand": "Srixon",
    "category": "Irons",
    "retailer": "GlobalGolf",
    "url": "https://globalgolf.com/products/zx5-mk-ii-irons-(7pc)",
    "image": "",
    "currency": "USD",
    "price": 1006.33,
    "oldPrice": 1193.93,
    "inStock": true,
    "updatedAt": "2025-08-16T11:03:45Z"
  },
  {
    "title": "ZX5 Mk II Irons (7pc)",
    "brand": "Srixon",
    "category": "Irons",
    "retailer": "2nd Swing",
    "url": "https://2ndswing.com/products/zx5-mk-ii-irons-(7pc)",
    "image": "",
    "currency": "USD",
    "price": 1083.22,
    "oldPrice": null,
    "inStock": true,
    "updatedAt": "2025-08-17T11:03:45Z"
  },
  {
    "title": "ZX5 Mk II Irons (7pc)",
    "brand": "Srixon",
    "category": "Irons",
    "retailer": "American Golf",
    "url": "https://americangolf.co.uk/products/zx5-mk-ii-irons-(7pc)",
    "image": "",
    "currency": "USD",
    "price": 989.81,
    "oldPrice": 1129.5,
    "inStock": true,
    "updatedAt": "2025-08-22T10:03:45Z"
  },
  {
    "title": "ZX5 Mk II Irons (7pc)",
    "brand": "Srixon",
    "category": "Irons",
    "retailer": "Carl's Golfland",
    "url": "https://carlsgolfland.com/products/zx5-mk-ii-irons-(7pc)",
    "image": "",
    "currency": "USD",
    "price": 1115.23,
    "oldPrice": 1269.43,
    "inStock": true,
    "updatedAt": "2025-08-19T01:03:45Z"
  },
  {
    "title": "ZX5 Mk II Irons (7pc)",
    "brand": "Srixon",
    "category": "Irons",
    "retailer": "Amazon",
    "url": "https://amazon.com/products/zx5-mk-ii-irons-(7pc)",
    "image": "",
    "currency": "USD",
    "price": 1049.33,
    "oldPrice": 1274.32,
    "inStock": true,
    "updatedAt": "2025-08-18T03:03:45Z"
  },
  {
    "title": "ZX5 Mk II Irons (7pc)",
    "brand": "Srixon",
    "category": "Irons",
    "retailer": "Rock Bottom Golf",
    "url": "https://rockbottomgolf.com/products/zx5-mk-ii-irons-(7pc)",
    "image": "",
    "currency": "USD",
    "price": 1047.42,
    "oldPrice": 1199.59,
    "inStock": true,
    "updatedAt": "2025-08-22T15:03:45Z"
  },
  {
    "title": "RTX 6 ZipCore 56\u00b0",
    "brand": "Cleveland",
    "category": "Wedge",
    "retailer": "Worldwide Golf Shops",
    "url": "https://worldwidegolfshops.com/products/rtx-6-zipcore-56\u00b0",
    "image": "",
    "currency": "USD",
    "price": 178.01,
    "oldPrice": 197.97,
    "inStock": true,
    "updatedAt": "2025-08-18T06:03:45Z"
  },
  {
    "title": "RTX 6 ZipCore 56\u00b0",
    "brand": "Cleveland",
    "category": "Wedge",
    "retailer": "2nd Swing",
    "url": "https://2ndswing.com/products/rtx-6-zipcore-56\u00b0",
    "image": "",
    "currency": "USD",
    "price": 159.65,
    "oldPrice": 165.26,
    "inStock": true,
    "updatedAt": "2025-08-18T19:03:45Z"
  },
  {
    "title": "RTX 6 ZipCore 56\u00b0",
    "brand": "Cleveland",
    "category": "Wedge",
    "retailer": "Carl's Golfland",
    "url": "https://carlsgolfland.com/products/rtx-6-zipcore-56\u00b0",
    "image": "",
    "currency": "USD",
    "price": 156.68,
    "oldPrice": null,
    "inStock": true,
    "updatedAt": "2025-08-21T01:03:45Z"
  },
  {
    "title": "RTX 6 ZipCore 56\u00b0",
    "brand": "Cleveland",
    "category": "Wedge",
    "retailer": "Scottsdale Golf",
    "url": "https://scottsdalegolf.co.uk/products/rtx-6-zipcore-56\u00b0",
    "image": "",
    "currency": "USD",
    "price": 150.25,
    "oldPrice": 164.99,
    "inStock": true,
    "updatedAt": "2025-08-19T17:03:45Z"
  },
  {
    "title": "RTX 6 ZipCore 56\u00b0",
    "brand": "Cleveland",
    "category": "Wedge",
    "retailer": "GlobalGolf",
    "url": "https://globalgolf.com/products/rtx-6-zipcore-56\u00b0",
    "image": "",
    "currency": "USD",
    "price": 152.97,
    "oldPrice": 177.77,
    "inStock": true,
    "updatedAt": "2025-08-23T05:03:45Z"
  },
  {
    "title": "RTX 6 ZipCore 56\u00b0",
    "brand": "Cleveland",
    "category": "Wedge",
    "retailer": "Fairway Jockey",
    "url": "https://fairwayjockey.com/products/rtx-6-zipcore-56\u00b0",
    "image": "",
    "currency": "USD",
    "price": 167.75,
    "oldPrice": null,
    "inStock": true,
    "updatedAt": "2025-08-27T03:03:45Z"
  },
  {
    "title": "RTX 6 ZipCore 56\u00b0",
    "brand": "Cleveland",
    "category": "Wedge",
    "retailer": "Amazon",
    "url": "https://amazon.com/products/rtx-6-zipcore-56\u00b0",
    "image": "",
    "currency": "USD",
    "price": 146.76,
    "oldPrice": 159.28,
    "inStock": true,
    "updatedAt": "2025-08-22T02:03:45Z"
  },
  {
    "title": "RTX 6 ZipCore 56\u00b0",
    "brand": "Cleveland",
    "category": "Wedge",
    "retailer": "GolfDiscount",
    "url": "https://golfdiscount.com/products/rtx-6-zipcore-56\u00b0",
    "image": "",
    "currency": "USD",
    "price": 164.59,
    "oldPrice": 195.55,
    "inStock": true,
    "updatedAt": "2025-08-25T17:03:45Z"
  },
  {
    "title": "RTX 6 ZipCore 56\u00b0",
    "brand": "Cleveland",
    "category": "Wedge",
    "retailer": "American Golf",
    "url": "https://americangolf.co.uk/products/rtx-6-zipcore-56\u00b0",
    "image": "",
    "currency": "USD",
    "price": 164.73,
    "oldPrice": 194.6,
    "inStock": true,
    "updatedAt": "2025-08-21T09:03:45Z"
  },
  {
    "title": "RTX 6 ZipCore 56\u00b0",
    "brand": "Cleveland",
    "category": "Wedge",
    "retailer": "PGA Tour Superstore",
    "url": "https://pgatoursuperstore.com/products/rtx-6-zipcore-56\u00b0",
    "image": "",
    "currency": "USD",
    "price": 155.22,
    "oldPrice": 177.22,
    "inStock": true,
    "updatedAt": "2025-08-24T16:03:45Z"
  },
  {
    "title": "White Hot OG 7 Putter",
    "brand": "Odyssey",
    "category": "Putter",
    "retailer": "2nd Swing",
    "url": "https://2ndswing.com/products/white-hot-og-7-putter",
    "image": "",
    "currency": "USD",
    "price": 308.03,
    "oldPrice": null,
    "inStock": true,
    "updatedAt": "2025-08-23T10:03:45Z"
  },
  {
    "title": "White Hot OG 7 Putter",
    "brand": "Odyssey",
    "category": "Putter",
    "retailer": "Clubhouse Golf",
    "url": "https://clubhousegolf.co.uk/products/white-hot-og-7-putter",
    "image": "",
    "currency": "USD",
    "price": 309.2,
    "oldPrice": 328.27,
    "inStock": true,
    "updatedAt": "2025-08-17T23:03:45Z"
  },
  {
    "title": "White Hot OG 7 Putter",
    "brand": "Odyssey",
    "category": "Putter",
    "retailer": "Golfbidder",
    "url": "https://golfbidder.co.uk/products/white-hot-og-7-putter",
    "image": "",
    "currency": "USD",
    "price": 328.12,
    "oldPrice": 393.42,
    "inStock": true,
    "updatedAt": "2025-08-24T06:03:45Z"
  },
  {
    "title": "White Hot OG 7 Putter",
    "brand": "Odyssey",
    "category": "Putter",
    "retailer": "Scottsdale Golf",
    "url": "https://scottsdalegolf.co.uk/products/white-hot-og-7-putter",
    "image": "",
    "currency": "USD",
    "price": 273.63,
    "oldPrice": 324.83,
    "inStock": true,
    "updatedAt": "2025-08-22T21:03:45Z"
  },
  {
    "title": "White Hot OG 7 Putter",
    "brand": "Odyssey",
    "category": "Putter",
    "retailer": "GolfDiscount",
    "url": "https://golfdiscount.com/products/white-hot-og-7-putter",
    "image": "",
    "currency": "USD",
    "price": 270.98,
    "oldPrice": null,
    "inStock": true,
    "updatedAt": "2025-08-20T16:03:45Z"
  },
  {
    "title": "White Hot OG 7 Putter",
    "brand": "Odyssey",
    "category": "Putter",
    "retailer": "eBay",
    "url": "https://ebay.com/products/white-hot-og-7-putter",
    "image": "",
    "currency": "USD",
    "price": 320.86,
    "oldPrice": 357.0,
    "inStock": true,
    "updatedAt": "2025-08-17T09:03:45Z"
  },
  {
    "title": "White Hot OG 7 Putter",
    "brand": "Odyssey",
    "category": "Putter",
    "retailer": "Fairway Jockey",
    "url": "https://fairwayjockey.com/products/white-hot-og-7-putter",
    "image": "",
    "currency": "USD",
    "price": 270.91,
    "oldPrice": 298.61,
    "inStock": true,
    "updatedAt": "2025-08-22T06:03:45Z"
  },
  {
    "title": "White Hot OG 7 Putter",
    "brand": "Odyssey",
    "category": "Putter",
    "retailer": "American Golf",
    "url": "https://americangolf.co.uk/products/white-hot-og-7-putter",
    "image": "",
    "currency": "USD",
    "price": 314.73,
    "oldPrice": 345.89,
    "inStock": true,
    "updatedAt": "2025-08-17T03:03:45Z"
  },
  {
    "title": "White Hot OG 7 Putter",
    "brand": "Odyssey",
    "category": "Putter",
    "retailer": "Carl's Golfland",
    "url": "https://carlsgolfland.com/products/white-hot-og-7-putter",
    "image": "",
    "currency": "USD",
    "price": 321.79,
    "oldPrice": 330.02,
    "inStock": true,
    "updatedAt": "2025-08-18T14:03:45Z"
  },
  {
    "title": "White Hot OG 7 Putter",
    "brand": "Odyssey",
    "category": "Putter",
    "retailer": "PGA Tour Superstore",
    "url": "https://pgatoursuperstore.com/products/white-hot-og-7-putter",
    "image": "",
    "currency": "USD",
    "price": 301.06,
    "oldPrice": 317.23,
    "inStock": true,
    "updatedAt": "2025-08-25T06:03:45Z"
  },
  {
    "title": "Phantom X 5.5 Putter",
    "brand": "Scotty Cameron",
    "category": "Putter",
    "retailer": "2nd Swing",
    "url": "https://2ndswing.com/products/phantom-x-5.5-putter",
    "image": "",
    "currency": "USD",
    "price": 269.58,
    "oldPrice": 299.21,
    "inStock": true,
    "updatedAt": "2025-08-20T17:03:45Z"
  },
  {
    "title": "Phantom X 5.5 Putter",
    "brand": "Scotty Cameron",
    "category": "Putter",
    "retailer": "Rock Bottom Golf",
    "url": "https://rockbottomgolf.com/products/phantom-x-5.5-putter",
    "image": "",
    "currency": "USD",
    "price": 289.52,
    "oldPrice": 320.16,
    "inStock": true,
    "updatedAt": "2025-08-16T11:03:45Z"
  },
  {
    "title": "Phantom X 5.5 Putter",
    "brand": "Scotty Cameron",
    "category": "Putter",
    "retailer": "Clubhouse Golf",
    "url": "https://clubhousegolf.co.uk/products/phantom-x-5.5-putter",
    "image": "",
    "currency": "USD",
    "price": 266.93,
    "oldPrice": 297.31,
    "inStock": true,
    "updatedAt": "2025-08-21T10:03:45Z"
  },
  {
    "title": "Phantom X 5.5 Putter",
    "brand": "Scotty Cameron",
    "category": "Putter",
    "retailer": "PGA Tour Superstore",
    "url": "https://pgatoursuperstore.com/products/phantom-x-5.5-putter",
    "image": "",
    "currency": "USD",
    "price": 290.64,
    "oldPrice": null,
    "inStock": true,
    "updatedAt": "2025-08-18T04:03:45Z"
  },
  {
    "title": "Phantom X 5.5 Putter",
    "brand": "Scotty Cameron",
    "category": "Putter",
    "retailer": "Golfbidder",
    "url": "https://golfbidder.co.uk/products/phantom-x-5.5-putter",
    "image": "",
    "currency": "USD",
    "price": 270.82,
    "oldPrice": 296.4,
    "inStock": true,
    "updatedAt": "2025-08-25T11:03:45Z"
  },
  {
    "title": "Phantom X 5.5 Putter",
    "brand": "Scotty Cameron",
    "category": "Putter",
    "retailer": "GlobalGolf",
    "url": "https://globalgolf.com/products/phantom-x-5.5-putter",
    "image": "",
    "currency": "USD",
    "price": 327.03,
    "oldPrice": null,
    "inStock": true,
    "updatedAt": "2025-08-20T15:03:45Z"
  },
  {
    "title": "Phantom X 5.5 Putter",
    "brand": "Scotty Cameron",
    "category": "Putter",
    "retailer": "Amazon",
    "url": "https://amazon.com/products/phantom-x-5.5-putter",
    "image": "",
    "currency": "USD",
    "price": 307.16,
    "oldPrice": 382.73,
    "inStock": true,
    "updatedAt": "2025-08-23T01:03:45Z"
  },
  {
    "title": "Phantom X 5.5 Putter",
    "brand": "Scotty Cameron",
    "category": "Putter",
    "retailer": "GolfDiscount",
    "url": "https://golfdiscount.com/products/phantom-x-5.5-putter",
    "image": "",
    "currency": "USD",
    "price": 329.6,
    "oldPrice": 395.17,
    "inStock": true,
    "updatedAt": "2025-08-21T05:03:45Z"
  },
  {
    "title": "Phantom X 5.5 Putter",
    "brand": "Scotty Cameron",
    "category": "Putter",
    "retailer": "Golf Galaxy",
    "url": "https://golfgalaxy.com/products/phantom-x-5.5-putter",
    "image": "",
    "currency": "USD",
    "price": 328.54,
    "oldPrice": null,
    "inStock": true,
    "updatedAt": "2025-08-21T20:03:45Z"
  },
  {
    "title": "Phantom X 5.5 Putter",
    "brand": "Scotty Cameron",
    "category": "Putter",
    "retailer": "eBay",
    "url": "https://ebay.com/products/phantom-x-5.5-putter",
    "image": "",
    "currency": "USD",
    "price": 319.09,
    "oldPrice": 378.51,
    "inStock": true,
    "updatedAt": "2025-08-25T23:03:45Z"
  },
  {
    "title": "Spider Tour Putter",
    "brand": "TaylorMade",
    "category": "Putter",
    "retailer": "PGA Tour Superstore",
    "url": "https://pgatoursuperstore.com/products/spider-tour-putter",
    "image": "",
    "currency": "USD",
    "price": 285.51,
    "oldPrice": 317.89,
    "inStock": true,
    "updatedAt": "2025-08-24T16:03:45Z"
  },
  {
    "title": "Spider Tour Putter",
    "brand": "TaylorMade",
    "category": "Putter",
    "retailer": "Worldwide Golf Shops",
    "url": "https://worldwidegolfshops.com/products/spider-tour-putter",
    "image": "",
    "currency": "USD",
    "price": 269.52,
    "oldPrice": 305.76,
    "inStock": true,
    "updatedAt": "2025-08-23T11:03:45Z"
  },
  {
    "title": "Spider Tour Putter",
    "brand": "TaylorMade",
    "category": "Putter",
    "retailer": "GlobalGolf",
    "url": "https://globalgolf.com/products/spider-tour-putter",
    "image": "",
    "currency": "USD",
    "price": 272.6,
    "oldPrice": 314.1,
    "inStock": true,
    "updatedAt": "2025-08-25T14:03:45Z"
  },
  {
    "title": "Spider Tour Putter",
    "brand": "TaylorMade",
    "category": "Putter",
    "retailer": "Amazon",
    "url": "https://amazon.com/products/spider-tour-putter",
    "image": "",
    "currency": "USD",
    "price": 271.77,
    "oldPrice": 304.94,
    "inStock": true,
    "updatedAt": "2025-08-19T08:03:45Z"
  },
  {
    "title": "Spider Tour Putter",
    "brand": "TaylorMade",
    "category": "Putter",
    "retailer": "Golf Galaxy",
    "url": "https://golfgalaxy.com/products/spider-tour-putter",
    "image": "",
    "currency": "USD",
    "price": 318.8,
    "oldPrice": 325.97,
    "inStock": true,
    "updatedAt": "2025-08-23T01:03:45Z"
  },
  {
    "title": "Spider Tour Putter",
    "brand": "TaylorMade",
    "category": "Putter",
    "retailer": "American Golf",
    "url": "https://americangolf.co.uk/products/spider-tour-putter",
    "image": "",
    "currency": "USD",
    "price": 283.84,
    "oldPrice": 324.8,
    "inStock": true,
    "updatedAt": "2025-08-20T17:03:45Z"
  },
  {
    "title": "Spider Tour Putter",
    "brand": "TaylorMade",
    "category": "Putter",
    "retailer": "Fairway Jockey",
    "url": "https://fairwayjockey.com/products/spider-tour-putter",
    "image": "",
    "currency": "USD",
    "price": 304.88,
    "oldPrice": null,
    "inStock": true,
    "updatedAt": "2025-08-16T19:03:45Z"
  },
  {
    "title": "Spider Tour Putter",
    "brand": "TaylorMade",
    "category": "Putter",
    "retailer": "2nd Swing",
    "url": "https://2ndswing.com/products/spider-tour-putter",
    "image": "",
    "currency": "USD",
    "price": 322.28,
    "oldPrice": 373.02,
    "inStock": true,
    "updatedAt": "2025-08-26T21:03:45Z"
  },
  {
    "title": "Spider Tour Putter",
    "brand": "TaylorMade",
    "category": "Putter",
    "retailer": "Rock Bottom Golf",
    "url": "https://rockbottomgolf.com/products/spider-tour-putter",
    "image": "",
    "currency": "USD",
    "price": 330.96,
    "oldPrice": 373.49,
    "inStock": true,
    "updatedAt": "2025-08-24T18:03:45Z"
  },
  {
    "title": "Spider Tour Putter",
    "brand": "TaylorMade",
    "category": "Putter",
    "retailer": "Golfbidder",
    "url": "https://golfbidder.co.uk/products/spider-tour-putter",
    "image": "",
    "currency": "USD",
    "price": 303.01,
    "oldPrice": 339.01,
    "inStock": true,
    "updatedAt": "2025-08-19T20:03:45Z"
  },
  {
    "title": "Pro V1 (2025) Dozen",
    "brand": "Titleist",
    "category": "Balls",
    "retailer": "PGA Tour Superstore",
    "url": "https://pgatoursuperstore.com/products/pro-v1-(2025)-dozen",
    "image": "",
    "currency": "USD",
    "price": 51.95,
    "oldPrice": null,
    "inStock": true,
    "updatedAt": "2025-08-16T11:03:45Z"
  },
  {
    "title": "Pro V1 (2025) Dozen",
    "brand": "Titleist",
    "category": "Balls",
    "retailer": "Scottsdale Golf",
    "url": "https://scottsdalegolf.co.uk/products/pro-v1-(2025)-dozen",
    "image": "",
    "currency": "USD",
    "price": 58.26,
    "oldPrice": 69.78,
    "inStock": true,
    "updatedAt": "2025-08-18T08:03:45Z"
  },
  {
    "title": "Pro V1 (2025) Dozen",
    "brand": "Titleist",
    "category": "Balls",
    "retailer": "Carl's Golfland",
    "url": "https://carlsgolfland.com/products/pro-v1-(2025)-dozen",
    "image": "",
    "currency": "USD",
    "price": 56.75,
    "oldPrice": 66.82,
    "inStock": true,
    "updatedAt": "2025-08-26T23:03:45Z"
  },
  {
    "title": "Pro V1 (2025) Dozen",
    "brand": "Titleist",
    "category": "Balls",
    "retailer": "American Golf",
    "url": "https://americangolf.co.uk/products/pro-v1-(2025)-dozen",
    "image": "",
    "currency": "USD",
    "price": 58.27,
    "oldPrice": 72.69,
    "inStock": true,
    "updatedAt": "2025-08-22T07:03:45Z"
  },
  {
    "title": "Pro V1 (2025) Dozen",
    "brand": "Titleist",
    "category": "Balls",
    "retailer": "eBay",
    "url": "https://ebay.com/products/pro-v1-(2025)-dozen",
    "image": "",
    "currency": "USD",
    "price": 58.92,
    "oldPrice": 69.84,
    "inStock": true,
    "updatedAt": "2025-08-23T02:03:45Z"
  },
  {
    "title": "Pro V1 (2025) Dozen",
    "brand": "Titleist",
    "category": "Balls",
    "retailer": "Golf Galaxy",
    "url": "https://golfgalaxy.com/products/pro-v1-(2025)-dozen",
    "image": "",
    "currency": "USD",
    "price": 48.99,
    "oldPrice": 59.1,
    "inStock": true,
    "updatedAt": "2025-08-20T05:03:45Z"
  },
  {
    "title": "Pro V1 (2025) Dozen",
    "brand": "Titleist",
    "category": "Balls",
    "retailer": "Clubhouse Golf",
    "url": "https://clubhousegolf.co.uk/products/pro-v1-(2025)-dozen",
    "image": "",
    "currency": "USD",
    "price": 61.31,
    "oldPrice": null,
    "inStock": true,
    "updatedAt": "2025-08-17T11:03:45Z"
  },
  {
    "title": "Pro V1 (2025) Dozen",
    "brand": "Titleist",
    "category": "Balls",
    "retailer": "Golfbidder",
    "url": "https://golfbidder.co.uk/products/pro-v1-(2025)-dozen",
    "image": "",
    "currency": "USD",
    "price": 49.91,
    "oldPrice": 56.14,
    "inStock": true,
    "updatedAt": "2025-08-24T08:03:45Z"
  },
  {
    "title": "Pro V1 (2025) Dozen",
    "brand": "Titleist",
    "category": "Balls",
    "retailer": "2nd Swing",
    "url": "https://2ndswing.com/products/pro-v1-(2025)-dozen",
    "image": "",
    "currency": "USD",
    "price": 53.1,
    "oldPrice": 58.6,
    "inStock": true,
    "updatedAt": "2025-08-24T12:03:45Z"
  },
  {
    "title": "Pro V1 (2025) Dozen",
    "brand": "Titleist",
    "category": "Balls",
    "retailer": "Fairway Jockey",
    "url": "https://fairwayjockey.com/products/pro-v1-(2025)-dozen",
    "image": "",
    "currency": "USD",
    "price": 53.89,
    "oldPrice": 62.9,
    "inStock": true,
    "updatedAt": "2025-08-16T20:03:45Z"
  },
  {
    "title": "Approach S70 Watch",
    "brand": "Garmin",
    "category": "Tech",
    "retailer": "Golf Galaxy",
    "url": "https://golfgalaxy.com/products/approach-s70-watch",
    "image": "",
    "currency": "USD",
    "price": 650.45,
    "oldPrice": 739.36,
    "inStock": true,
    "updatedAt": "2025-08-22T01:03:45Z"
  },
  {
    "title": "Approach S70 Watch",
    "brand": "Garmin",
    "category": "Tech",
    "retailer": "GolfDiscount",
    "url": "https://golfdiscount.com/products/approach-s70-watch",
    "image": "",
    "currency": "USD",
    "price": 614.35,
    "oldPrice": 706.46,
    "inStock": true,
    "updatedAt": "2025-08-18T03:03:45Z"
  },
  {
    "title": "Approach S70 Watch",
    "brand": "Garmin",
    "category": "Tech",
    "retailer": "Fairway Jockey",
    "url": "https://fairwayjockey.com/products/approach-s70-watch",
    "image": "",
    "currency": "USD",
    "price": 670.75,
    "oldPrice": 713.45,
    "inStock": true,
    "updatedAt": "2025-08-23T17:03:45Z"
  },
  {
    "title": "Approach S70 Watch",
    "brand": "Garmin",
    "category": "Tech",
    "retailer": "Scottsdale Golf",
    "url": "https://scottsdalegolf.co.uk/products/approach-s70-watch",
    "image": "",
    "currency": "USD",
    "price": 724.83,
    "oldPrice": null,
    "inStock": true,
    "updatedAt": "2025-08-17T08:03:45Z"
  },
  {
    "title": "Approach S70 Watch",
    "brand": "Garmin",
    "category": "Tech",
    "retailer": "Rock Bottom Golf",
    "url": "https://rockbottomgolf.com/products/approach-s70-watch",
    "image": "",
    "currency": "USD",
    "price": 670.02,
    "oldPrice": 723.41,
    "inStock": true,
    "updatedAt": "2025-08-26T14:03:45Z"
  },
  {
    "title": "Approach S70 Watch",
    "brand": "Garmin",
    "category": "Tech",
    "retailer": "PGA Tour Superstore",
    "url": "https://pgatoursuperstore.com/products/approach-s70-watch",
    "image": "",
    "currency": "USD",
    "price": 577.93,
    "oldPrice": 626.48,
    "inStock": true,
    "updatedAt": "2025-08-25T12:03:45Z"
  },
  {
    "title": "Approach S70 Watch",
    "brand": "Garmin",
    "category": "Tech",
    "retailer": "Golfbidder",
    "url": "https://golfbidder.co.uk/products/approach-s70-watch",
    "image": "",
    "currency": "USD",
    "price": 597.08,
    "oldPrice": 743.81,
    "inStock": true,
    "updatedAt": "2025-08-19T18:03:45Z"
  },
  {
    "title": "Approach S70 Watch",
    "brand": "Garmin",
    "category": "Tech",
    "retailer": "2nd Swing",
    "url": "https://2ndswing.com/products/approach-s70-watch",
    "image": "",
    "currency": "USD",
    "price": 627.23,
    "oldPrice": 711.1,
    "inStock": true,
    "updatedAt": "2025-08-25T07:03:45Z"
  },
  {
    "title": "Approach S70 Watch",
    "brand": "Garmin",
    "category": "Tech",
    "retailer": "Worldwide Golf Shops",
    "url": "https://worldwidegolfshops.com/products/approach-s70-watch",
    "image": "",
    "currency": "USD",
    "price": 697.14,
    "oldPrice": 842.89,
    "inStock": true,
    "updatedAt": "2025-08-23T19:03:45Z"
  },
  {
    "title": "Approach S70 Watch",
    "brand": "Garmin",
    "category": "Tech",
    "retailer": "Amazon",
    "url": "https://amazon.com/products/approach-s70-watch",
    "image": "",
    "currency": "USD",
    "price": 638.19,
    "oldPrice": 769.83,
    "inStock": true,
    "updatedAt": "2025-08-22T05:03:45Z"
  }
]