[
  {
    "title": "Qi10 Driver",
    "brand": "TaylorMade",
    "category": "Driver",
    "retailer": "GlobalGolf",
    "url": "https://example.com/tm-qi10",
    "image": "",
    "currency": "USD",
    "price": 499.99,
    "oldPrice": 599.99,
    "inStock": true,
    "updatedAt": "2025-08-20T10:00:00Z"
  },
  {
    "title": "Pro V1 (2025) Dozen",
    "brand": "Titleist",
    "category": "Balls",
    "retailer": "PGA Tour Superstore",
    "url": "https://example.com/titleist-prov1",
    "image": "",
    "currency": "USD",
    "price": 49.99,
    "oldPrice": 54.99,
    "inStock": true,
    "updatedAt": "2025-08-18T09:00:00Z"
  },
  {
    "title": "RTX 6 ZipCore 56\u00b0",
    "brand": "Cleveland",
    "category": "Wedge",
    "retailer": "Rock Bottom Golf",
    "url": "https://example.com/rtx6",
    "image": "",
    "currency": "USD",
    "price": 129.99,
    "oldPrice": 169.99,
    "inStock": true,
    "updatedAt": "2025-08-22T11:30:00Z"
  },
  {
    "title": "JPX923 Hot Metal Irons (7pc)",
    "brand": "Mizuno",
    "category": "Irons",
    "retailer": "2nd Swing",
    "url": "https://example.com/jpx923",
    "image": "",
    "currency": "USD",
    "price": 799.0,
    "oldPrice": 999.0,
    "inStock": true,
    "updatedAt": "2025-08-21T14:45:00Z"
  }
]